<certe_dump>
  <instance type=" lab_test "> 
     uvm_test_top 
  
     <instance type=" lab_scoreboard "> 
        lab_scoreboard 
  
        <imp if_type = "uvm_analysis_imp_apb" txn_type = "anonymous"> 
           apb_import 
        </imp> 
  
        <imp if_type = "uvm_analysis_imp_tx_frame" txn_type = "anonymous"> 
           tx_frame_import 
        </imp> 
     </instance> 
  
  
     <instance type=" uart_ip_verif_env "> 
        verif_env0 
  
        <instance type=" apb_env "> 
           apb_env0 
  
           <instance type=" apb_agent "> 
              master0 
  
              <instance type=" apb_master_driver "> 
                 driver 
  
                 <port if_type = "uvm_analysis_port" txn_type = "anonymous"> 
                    rsp_port 
                 </port> 
  
                 <port if_type = "uvm_seq_item_pull_port" txn_type = "anonymous"> 
                    seq_item_port 
                    <connection>  uvm_test_top.verif_env0.apb_env0.master0.sequencer.seq_item_export  </connection> 
                 </port> 
              </instance> 
  
  
              <instance type=" apb_monitor "> 
                 monitor 
  
                 <port if_type = "uvm_analysis_port" txn_type = "anonymous"> 
                    address_phase_transfer_port 
                 </port> 
  
                 <port if_type = "uvm_analysis_port" txn_type = "anonymous"> 
                    completed_transfer_port 
                    <connection>  uvm_test_top.lab_scoreboard.apb_import  </connection> 
                    <connection>  uvm_test_top.verif_env0.config_monitor0.apb_import  </connection> 
                 </port> 
              </instance> 
  
  
              <instance type=" apb_master_sequencer "> 
                 sequencer 
  
                 <export if_type = "uvm_analysis_export" txn_type = "anonymous"> 
                    rsp_export 
                    <connection>  uvm_test_top.verif_env0.apb_env0.master0.sequencer.sqr_rsp_analysis_fifo.analysis_export  </connection> 
                 </export> 
  
                 <imp if_type = "uvm_seq_item_pull_imp" txn_type = "anonymous"> 
                    seq_item_export 
                 </imp> 
              </instance> 
  
           </instance> 
  
        </instance> 
  
  
        <instance type=" uart_ip_verif_config_monitor "> 
           config_monitor0 
  
           <imp if_type = "uvm_analysis_imp" txn_type = "anonymous"> 
              apb_import 
           </imp> 
        </instance> 
  
  
        <instance type=" uart_env "> 
           uart_env0 
  
           <instance type=" uart_agent "> 
              uart_agent0 
  
              <instance type=" uart_driver "> 
                 driver 
  
                 <port if_type = "uvm_analysis_port" txn_type = "anonymous"> 
                    rsp_port 
                 </port> 
  
                 <port if_type = "uvm_seq_item_pull_port" txn_type = "anonymous"> 
                    seq_item_port 
                    <connection>  uvm_test_top.verif_env0.uart_env0.uart_agent0.sequencer.seq_item_export  </connection> 
                 </port> 
              </instance> 
  
  
              <instance type=" uart_line_monitor "> 
                 rx_monitor 
  
                 <port if_type = "uvm_analysis_port" txn_type = "anonymous"> 
                    Completed Byte Detection 
                 </port> 
              </instance> 
  
  
              <instance type=" uart_sequencer "> 
                 sequencer 
  
                 <instance type=" uvm_tlm_analysis_fifo #(T) "> 
                    received_frame_fifo 
  
                    <imp if_type = "uvm_analysis_imp" txn_type = "anonymous"> 
                       analysis_export 
                    </imp> 
  
                    <port if_type = "uvm_analysis_port" txn_type = "anonymous"> 
                       get_ap 
                    </port> 
  
                    <imp if_type = "uvm_get_peek_imp" txn_type = "anonymous"> 
                       get_peek_export 
                    </imp> 
  
                    <port if_type = "uvm_analysis_port" txn_type = "anonymous"> 
                       put_ap 
                    </port> 
  
                    <imp if_type = "uvm_put_imp" txn_type = "anonymous"> 
                       put_export 
                    </imp> 
                 </instance> 
  
  
                 <export if_type = "uvm_analysis_export" txn_type = "anonymous"> 
                    received_frame_import 
                    <connection>  uvm_test_top.verif_env0.uart_env0.uart_agent0.sequencer.received_frame_fifo.analysis_export  </connection> 
                 </export> 
  
                 <export if_type = "uvm_analysis_export" txn_type = "anonymous"> 
                    rsp_export 
                    <connection>  uvm_test_top.verif_env0.uart_env0.uart_agent0.sequencer.sqr_rsp_analysis_fifo.analysis_export  </connection> 
                 </export> 
  
                 <imp if_type = "uvm_seq_item_pull_imp" txn_type = "anonymous"> 
                    seq_item_export 
                 </imp> 
              </instance> 
  
  
              <instance type=" uart_line_monitor "> 
                 tx_monitor 
  
                 <port if_type = "uvm_analysis_port" txn_type = "anonymous"> 
                    Completed Byte Detection 
                    <connection>  uvm_test_top.lab_scoreboard.tx_frame_import  </connection> 
                    <connection>  uvm_test_top.verif_env0.uart_env0.uart_agent0.sequencer.received_frame_import  </connection> 
                 </port> 
              </instance> 
  
           </instance> 
  
        </instance> 
  
     </instance> 
  
  </instance> 
  
  </certe_dump>